<?xml version="1.0" encoding="UTF-8" standalone="yes"?>
<w:document xmlns:wpc="http://schemas.microsoft.com/office/word/2010/wordprocessingCanvas" xmlns:cx="http://schemas.microsoft.com/office/drawing/2014/chartex" xmlns:mc="http://schemas.openxmlformats.org/markup-compatibility/2006" xmlns:o="urn:schemas-microsoft-com:office:office" xmlns:r="http://schemas.openxmlformats.org/officeDocument/2006/relationships" xmlns:m="http://schemas.openxmlformats.org/officeDocument/2006/math" xmlns:v="urn:schemas-microsoft-com:vml" xmlns:wp14="http://schemas.microsoft.com/office/word/2010/wordprocessingDrawing" xmlns:wp="http://schemas.openxmlformats.org/drawingml/2006/wordprocessingDrawing" xmlns:w10="urn:schemas-microsoft-com:office:word" xmlns:w="http://schemas.openxmlformats.org/wordprocessingml/2006/main" xmlns:w14="http://schemas.microsoft.com/office/word/2010/wordml" xmlns:w15="http://schemas.microsoft.com/office/word/2012/wordml" xmlns:w16se="http://schemas.microsoft.com/office/word/2015/wordml/symex" xmlns:wpg="http://schemas.microsoft.com/office/word/2010/wordprocessingGroup" xmlns:wpi="http://schemas.microsoft.com/office/word/2010/wordprocessingInk" xmlns:wne="http://schemas.microsoft.com/office/word/2006/wordml" xmlns:wps="http://schemas.microsoft.com/office/word/2010/wordprocessingShape" mc:Ignorable="w14 w15 w16se wp14"><w:body><w:bookmarkStart w:id="0" w:name="_GoBack"/><w:bookmarkEnd w:id="0"/><w:p w14:paraId="74FD8D1E" w14:textId="52A0C575" w:rsidR="00853CDD" w:rsidRDefault="00355C20"><w:r><w:rPr><w:noProof/></w:rPr><mc:AlternateContent><mc:Choice Requires="wps"><w:drawing><wp:anchor distT="0" distB="0" distL="114300" distR="114300" simplePos="0" relativeHeight="251659264" behindDoc="0" locked="0" layoutInCell="1" allowOverlap="1" wp14:anchorId="2A044F6C" wp14:editId="64E029C9"><wp:simplePos x="0" y="0"/><wp:positionH relativeFrom="column"><wp:posOffset>2580640</wp:posOffset></wp:positionH><wp:positionV relativeFrom="paragraph"><wp:posOffset>-876300</wp:posOffset></wp:positionV><wp:extent cx="409575" cy="885825"/><wp:effectExtent l="19050" t="19050" r="47625" b="28575"/><wp:wrapNone/><wp:docPr id="2" name="Arrow: Up 2"/><wp:cNvGraphicFramePr/><a:graphic xmlns:a="http://schemas.openxmlformats.org/drawingml/2006/main"><a:graphicData uri="http://schemas.microsoft.com/office/word/2010/wordprocessingShape"><wps:wsp><wps:cNvSpPr/><wps:spPr><a:xfrm><a:off x="0" y="0"/><a:ext cx="409575" cy="885825"/></a:xfrm><a:prstGeom prst="upArrow"><a:avLst/></a:prstGeom></wps:spPr><wps:style><a:lnRef idx="2"><a:schemeClr val="accent4"><a:shade val="50000"/></a:schemeClr></a:lnRef><a:fillRef idx="1"><a:schemeClr val="accent4"/></a:fillRef><a:effectRef idx="0"><a:schemeClr val="accent4"/></a:effectRef><a:fontRef idx="minor"><a:schemeClr val="lt1"/></a:fontRef></wps:style><wps:bodyPr rot="0" spcFirstLastPara="0" vertOverflow="overflow" horzOverflow="overflow" vert="horz" wrap="square" lIns="91440" tIns="45720" rIns="91440" bIns="45720" numCol="1" spcCol="0" rtlCol="0" fromWordArt="0" anchor="ctr" anchorCtr="0" forceAA="0" compatLnSpc="1"><a:prstTxWarp prst="textNoShape"><a:avLst/></a:prstTxWarp><a:noAutofit/></wps:bodyPr></wps:wsp></a:graphicData></a:graphic><wp14:sizeRelH relativeFrom="margin"><wp14:pctWidth>0</wp14:pctWidth></wp14:sizeRelH><wp14:sizeRelV relativeFrom="margin"><wp14:pctHeight>0</wp14:pctHeight></wp14:sizeRelV></wp:anchor></w:drawing></mc:Choice><mc:Fallback xmlns:w16sdtdh="http://schemas.microsoft.com/office/word/2020/wordml/sdtdatahash" xmlns:w16="http://schemas.microsoft.com/office/word/2018/wordml" xmlns:w16cid="http://schemas.microsoft.com/office/word/2016/wordml/cid" xmlns:w16cex="http://schemas.microsoft.com/office/word/2018/wordml/cex" xmlns:am3d="http://schemas.microsoft.com/office/drawing/2017/model3d" xmlns:aink="http://schemas.microsoft.com/office/drawing/2016/ink" xmlns:cx8="http://schemas.microsoft.com/office/drawing/2016/5/14/chartex" xmlns:cx7="http://schemas.microsoft.com/office/drawing/2016/5/13/chartex" xmlns:cx6="http://schemas.microsoft.com/office/drawing/2016/5/12/chartex" xmlns:cx5="http://schemas.microsoft.com/office/drawing/2016/5/11/chartex" xmlns:cx4="http://schemas.microsoft.com/office/drawing/2016/5/10/chartex" xmlns:cx3="http://schemas.microsoft.com/office/drawing/2016/5/9/chartex" xmlns:cx2="http://schemas.microsoft.com/office/drawing/2015/10/21/chartex" xmlns:cx1="http://schemas.microsoft.com/office/drawing/2015/9/8/chartex"><w:pict><v:shapetype w14:anchorId="436805DA" id="_x0000_t68" coordsize="21600,21600" o:spt="68" adj="5400,5400" path="m0@0l@1@0@1,21600@2,21600@2@0,21600@0,10800,xe"><v:stroke joinstyle="miter"/><v:formulas><v:f eqn="val #0"/><v:f eqn="val #1"/><v:f eqn="sum 21600 0 #1"/><v:f eqn="prod #0 #1 10800"/><v:f eqn="sum #0 0 @3"/></v:formulas><v:path o:connecttype="custom" o:connectlocs="10800,0;0,@0;10800,21600;21600,@0" o:connectangles="270,180,90,0" textboxrect="@1,@4,@2,21600"/><v:handles><v:h position="#1,#0" xrange="0,10800" yrange="0,21600"/></v:handles></v:shapetype><v:shape id="Arrow: Up 2" o:spid="_x0000_s1026" type="#_x0000_t68" style="position:absolute;margin-left:203.2pt;margin-top:-69pt;width:32.25pt;height:69.75pt;z-index:251659264;visibility:visible;mso-wrap-style:square;mso-width-percent:0;mso-height-percent:0;mso-wrap-distance-left:9pt;mso-wrap-distance-top:0;mso-wrap-distance-right:9pt;mso-wrap-distance-bottom:0;mso-position-horizontal:absolute;mso-position-horizontal-relative:text;mso-position-vertical:absolute;mso-position-vertical-relative:text;mso-width-percent:0;mso-height-percent:0;mso-width-relative:margin;mso-height-relative:margin;v-text-anchor:middle" o:gfxdata="UEsDBBQABgAIAAAAIQC2gziS/gAAAOEBAAATAAAAW0NvbnRlbnRfVHlwZXNdLnhtbJSRQU7DMBBF&#xA;90jcwfIWJU67QAgl6YK0S0CoHGBkTxKLZGx5TGhvj5O2G0SRWNoz/78nu9wcxkFMGNg6quQqL6RA&#xA;0s5Y6ir5vt9lD1JwBDIwOMJKHpHlpr69KfdHjyxSmriSfYz+USnWPY7AufNIadK6MEJMx9ApD/oD&#xA;OlTrorhX2lFEilmcO2RdNtjC5xDF9pCuTyYBB5bi6bQ4syoJ3g9WQ0ymaiLzg5KdCXlKLjvcW893&#xA;SUOqXwnz5DrgnHtJTxOsQfEKIT7DmDSUCaxw7Rqn8787ZsmRM9e2VmPeBN4uqYvTtW7jvijg9N/y&#xA;JsXecLq0q+WD6m8AAAD//wMAUEsDBBQABgAIAAAAIQA4/SH/1gAAAJQBAAALAAAAX3JlbHMvLnJl&#xA;bHOkkMFqwzAMhu+DvYPRfXGawxijTi+j0GvpHsDYimMaW0Yy2fr2M4PBMnrbUb/Q94l/f/hMi1qR&#xA;JVI2sOt6UJgd+ZiDgffL8ekFlFSbvV0oo4EbChzGx4f9GRdb25HMsYhqlCwG5lrLq9biZkxWOiqY&#xA;22YiTra2kYMu1l1tQD30/bPm3wwYN0x18gb45AdQl1tp5j/sFB2T0FQ7R0nTNEV3j6o9feQzro1i&#xA;OWA14Fm+Q8a1a8+Bvu/d/dMb2JY5uiPbhG/ktn4cqGU/er3pcvwCAAD//wMAUEsDBBQABgAIAAAA&#xA;IQAeZKnmcAIAADsFAAAOAAAAZHJzL2Uyb0RvYy54bWysVN9r3DAMfh/sfzB+X5MLd+s1NFeOlo5B&#xA;aUt/0GfXsZuAY3my73K3v36yk0tLVzYYy4MjW9In6bPk07NdZ9hWoW/BVnx2lHOmrIS6tS8Vf3y4&#xA;/LLkzAdha2HAqorvlednq8+fTntXqgIaMLVCRiDWl72reBOCK7PMy0Z1wh+BU5aUGrATgbb4ktUo&#xA;ekLvTFbk+desB6wdglTe0+nFoOSrhK+1kuFGa68CMxWn3EJaMa3Pcc1Wp6J8QeGaVo5piH/IohOt&#xA;paAT1IUIgm2w/Q2qayWCBx2OJHQZaN1KlWqgamb5u2ruG+FUqoXI8W6iyf8/WHm9vUXW1hUvOLOi&#xA;oytaI0JfskfHikhP73xJVvfuFsedJzHWutPYxT9VwXaJ0v1EqdoFJulwnp8sjhecSVItl4tlsYiY&#xA;2auzQx++KehYFCq+cSl84lJsr3wYrA9W5BrzGTJIUtgbFZMw9k5pKoRiFsk7tZA6N8i2gi5fSKls&#xA;mA+qRtRqOF7k9I0pTR4pwQQYkXVrzIQ9+xP2kOtoH11V6sDJOf+78+SRIoMNk3PXWsCPAEyYjQXo&#xA;wf5A0kBNZOkZ6j1dM8LQ/97Jy5bovhI+3AqkhqfRoCEON7RoA33FYZQ4awB/fnQe7akPSctZTwNU&#xA;cf9jI1BxZr5b6tCT2XweJy5t5ovjgjb4VvP8VmM33TnQNc3ouXAyidE+mIOoEbonmvV1jEoqYSXF&#xA;rrgMeNich2Gw6bWQar1OZjRlToQre+9kBI+sxl562D0JdGPPBWrWazgMmyjf9d1gGz0trDcBdJua&#xA;8pXXkW+a0NQ442sSn4C3+2T1+uatfgEAAP//AwBQSwMEFAAGAAgAAAAhAKccXsTfAAAACgEAAA8A&#xA;AABkcnMvZG93bnJldi54bWxMj8tOwzAQRfdI/IM1SOxau5CGEuJUiIeQEJuWsnfjaRISj0PsNuHv&#xA;GVawHM3Rvefm68l14oRDaDxpWMwVCKTS24YqDbv359kKRIiGrOk8oYZvDLAuzs9yk1k/0gZP21gJ&#xA;DqGQGQ11jH0mZShrdCbMfY/Ev4MfnIl8DpW0gxk53HXySqlUOtMQN9Smx4cay3Z7dBoOmI7t58vH&#xA;jh7fWrt8cvj6tUGtLy+m+zsQEaf4B8OvPqtDwU57fyQbRKchUWnCqIbZ4nrFqxhJbtQtiD2zS5BF&#xA;Lv9PKH4AAAD//wMAUEsBAi0AFAAGAAgAAAAhALaDOJL+AAAA4QEAABMAAAAAAAAAAAAAAAAAAAAA&#xA;AFtDb250ZW50X1R5cGVzXS54bWxQSwECLQAUAAYACAAAACEAOP0h/9YAAACUAQAACwAAAAAAAAAA&#xA;AAAAAAAvAQAAX3JlbHMvLnJlbHNQSwECLQAUAAYACAAAACEAHmSp5nACAAA7BQAADgAAAAAAAAAA&#xA;AAAAAAAuAgAAZHJzL2Uyb0RvYy54bWxQSwECLQAUAAYACAAAACEApxxexN8AAAAKAQAADwAAAAAA&#xA;AAAAAAAAAADKBAAAZHJzL2Rvd25yZXYueG1sUEsFBgAAAAAEAAQA8wAAANYFAAAAAA==&#xA;" adj="4994" fillcolor="#ffc000 [3207]" strokecolor="#7f5f00 [1607]" strokeweight="1pt"/></w:pict></mc:Fallback></mc:AlternateContent></w:r><w:r><w:rPr><w:noProof/></w:rPr><mc:AlternateContent><mc:Choice Requires="wps"><w:drawing><wp:anchor distT="0" distB="0" distL="114300" distR="114300" simplePos="0" relativeHeight="251660288" behindDoc="0" locked="0" layoutInCell="1" allowOverlap="1" wp14:anchorId="208A4DF3" wp14:editId="614F4E46"><wp:simplePos x="0" y="0"/><wp:positionH relativeFrom="column"><wp:posOffset>-533400</wp:posOffset></wp:positionH><wp:positionV relativeFrom="paragraph"><wp:posOffset>-133350</wp:posOffset></wp:positionV><wp:extent cx="6981825" cy="1190625"/><wp:effectExtent l="0" t="0" r="28575" b="28575"/><wp:wrapNone/><wp:docPr id="3" name="Rectangle 3"/><wp:cNvGraphicFramePr/><a:graphic xmlns:a="http://schemas.openxmlformats.org/drawingml/2006/main"><a:graphicData uri="http://schemas.microsoft.com/office/word/2010/wordprocessingShape"><wps:wsp><wps:cNvSpPr/><wps:spPr><a:xfrm><a:off x="0" y="0"/><a:ext cx="6981825" cy="1190625"/></a:xfrm><a:prstGeom prst="rect"><a:avLst/></a:prstGeom></wps:spPr><wps:style><a:lnRef idx="2"><a:schemeClr val="accent4"/></a:lnRef><a:fillRef idx="1"><a:schemeClr val="lt1"/></a:fillRef><a:effectRef idx="0"><a:schemeClr val="accent4"/></a:effectRef><a:fontRef idx="minor"><a:schemeClr val="dk1"/></a:fontRef></wps:style><wps:txbx><w:txbxContent><w:p w14:paraId="1398C145" w14:textId="2C4E16FF" w:rsidR="00853CDD" w:rsidRPr="00CB03A1" w:rsidRDefault="00CB03A1" w:rsidP="00853CDD"><w:pPr><w:jc w:val="center"/><w:rPr><w:rFonts w:ascii="Times New Roman" w:hAnsi="Times New Roman" w:cs="Times New Roman"/><w:sz w:val="28"/><w:szCs w:val="28"/></w:rPr></w:pPr><w:r w:rsidRPr="00CB03A1"><w:rPr><w:rFonts w:ascii="Times New Roman" w:hAnsi="Times New Roman" w:cs="Times New Roman"/><w:sz w:val="28"/><w:szCs w:val="28"/></w:rPr><w:t xml:space="preserve">Your </w:t></w:r><w:r w:rsidRPr="0007194D"><w:rPr><w:rFonts w:ascii="Times New Roman" w:hAnsi="Times New Roman" w:cs="Times New Roman"/><w:color w:val="FFC000"/><w:sz w:val="28"/><w:szCs w:val="28"/></w:rPr><w:t>Microsoft Office</w:t></w:r><w:r w:rsidRPr="00CB03A1"><w:rPr><w:rFonts w:ascii="Times New Roman" w:hAnsi="Times New Roman" w:cs="Times New Roman"/><w:sz w:val="28"/><w:szCs w:val="28"/></w:rPr><w:t xml:space="preserve"> is outdated</w:t></w:r><w:r w:rsidR="00853CDD" w:rsidRPr="00CB03A1"><w:rPr><w:rFonts w:ascii="Times New Roman" w:hAnsi="Times New Roman" w:cs="Times New Roman"/><w:sz w:val="28"/><w:szCs w:val="28"/></w:rPr><w:t>!</w:t></w:r><w:r w:rsidR="00853CDD" w:rsidRPr="00CB03A1"><w:rPr><w:rFonts w:ascii="Times New Roman" w:hAnsi="Times New Roman" w:cs="Times New Roman"/><w:sz w:val="28"/><w:szCs w:val="28"/></w:rPr><w:br/><w:t>Please click to “</w:t></w:r><w:r><w:rPr><w:noProof/></w:rPr><w:drawing><wp:inline distT="0" distB="0" distL="0" distR="0" wp14:anchorId="4AD508EE" wp14:editId="69C4798F"><wp:extent cx="1142857" cy="257143"/><wp:effectExtent l="0" t="0" r="635" b="0"/><wp:docPr id="1" name="Picture 1"/><wp:cNvGraphicFramePr><a:graphicFrameLocks xmlns:a="http://schemas.openxmlformats.org/drawingml/2006/main" noChangeAspect="1"/></wp:cNvGraphicFramePr><a:graphic xmlns:a="http://schemas.openxmlformats.org/drawingml/2006/main"><a:graphicData uri="http://schemas.openxmlformats.org/drawingml/2006/picture"><pic:pic xmlns:pic="http://schemas.openxmlformats.org/drawingml/2006/picture"><pic:nvPicPr><pic:cNvPr id="1" name=""/><pic:cNvPicPr/></pic:nvPicPr><pic:blipFill><a:blip r:embed="rId5"/><a:stretch><a:fillRect/></a:stretch></pic:blipFill><pic:spPr><a:xfrm><a:off x="0" y="0"/><a:ext cx="1142857" cy="257143"/></a:xfrm><a:prstGeom prst="rect"><a:avLst/></a:prstGeom></pic:spPr></pic:pic></a:graphicData></a:graphic></wp:inline></w:drawing></w:r><w:r w:rsidR="00853CDD" w:rsidRPr="00CB03A1"><w:rPr><w:rFonts w:ascii="Times New Roman" w:hAnsi="Times New Roman" w:cs="Times New Roman"/><w:sz w:val="28"/><w:szCs w:val="28"/></w:rPr><w:t xml:space="preserve">” </w:t></w:r><w:r w:rsidRPr="00CB03A1"><w:rPr><w:rFonts w:ascii="Times New Roman" w:hAnsi="Times New Roman" w:cs="Times New Roman"/><w:sz w:val="28"/><w:szCs w:val="28"/></w:rPr><w:t>to view “</w:t></w:r><w:r w:rsidRPr="00CB03A1"><w:rPr><w:rFonts w:ascii="Times New Roman" w:hAnsi="Times New Roman" w:cs="Times New Roman"/><w:b/><w:bCs/><w:color w:val="FFC000"/><w:sz w:val="28"/><w:szCs w:val="28"/></w:rPr><w:t>Kế hoạch chuyển đổi số.docx</w:t></w:r><w:r w:rsidRPr="00CB03A1"><w:rPr><w:rFonts w:ascii="Times New Roman" w:hAnsi="Times New Roman" w:cs="Times New Roman"/><w:sz w:val="28"/><w:szCs w:val="28"/></w:rPr><w:t>”</w:t></w:r></w:p></w:txbxContent></wps:txbx><wps:bodyPr rot="0" spcFirstLastPara="0" vertOverflow="overflow" horzOverflow="overflow" vert="horz" wrap="square" lIns="91440" tIns="45720" rIns="91440" bIns="45720" numCol="1" spcCol="0" rtlCol="0" fromWordArt="0" anchor="ctr" anchorCtr="0" forceAA="0" compatLnSpc="1"><a:prstTxWarp prst="textNoShape"><a:avLst/></a:prstTxWarp><a:noAutofit/></wps:bodyPr></wps:wsp></a:graphicData></a:graphic><wp14:sizeRelH relativeFrom="margin"><wp14:pctWidth>0</wp14:pctWidth></wp14:sizeRelH></wp:anchor></w:drawing></mc:Choice><mc:Fallback xmlns:w16sdtdh="http://schemas.microsoft.com/office/word/2020/wordml/sdtdatahash" xmlns:w16="http://schemas.microsoft.com/office/word/2018/wordml" xmlns:w16cid="http://schemas.microsoft.com/office/word/2016/wordml/cid" xmlns:w16cex="http://schemas.microsoft.com/office/word/2018/wordml/cex" xmlns:am3d="http://schemas.microsoft.com/office/drawing/2017/model3d" xmlns:aink="http://schemas.microsoft.com/office/drawing/2016/ink" xmlns:cx8="http://schemas.microsoft.com/office/drawing/2016/5/14/chartex" xmlns:cx7="http://schemas.microsoft.com/office/drawing/2016/5/13/chartex" xmlns:cx6="http://schemas.microsoft.com/office/drawing/2016/5/12/chartex" xmlns:cx5="http://schemas.microsoft.com/office/drawing/2016/5/11/chartex" xmlns:cx4="http://schemas.microsoft.com/office/drawing/2016/5/10/chartex" xmlns:cx3="http://schemas.microsoft.com/office/drawing/2016/5/9/chartex" xmlns:cx2="http://schemas.microsoft.com/office/drawing/2015/10/21/chartex" xmlns:cx1="http://schemas.microsoft.com/office/drawing/2015/9/8/chartex"><w:pict><v:rect w14:anchorId="208A4DF3" id="Rectangle 3" o:spid="_x0000_s1026" style="position:absolute;margin-left:-42pt;margin-top:-10.5pt;width:549.75pt;height:93.75pt;z-index:251660288;visibility:visible;mso-wrap-style:square;mso-width-percent:0;mso-wrap-distance-left:9pt;mso-wrap-distance-top:0;mso-wrap-distance-right:9pt;mso-wrap-distance-bottom:0;mso-position-horizontal:absolute;mso-position-horizontal-relative:text;mso-position-vertical:absolute;mso-position-vertical-relative:text;mso-width-percent:0;mso-width-relative:margin;v-text-anchor:middle" o:gfxdata="UEsDBBQABgAIAAAAIQC2gziS/gAAAOEBAAATAAAAW0NvbnRlbnRfVHlwZXNdLnhtbJSRQU7DMBBF&#xA;90jcwfIWJU67QAgl6YK0S0CoHGBkTxKLZGx5TGhvj5O2G0SRWNoz/78nu9wcxkFMGNg6quQqL6RA&#xA;0s5Y6ir5vt9lD1JwBDIwOMJKHpHlpr69KfdHjyxSmriSfYz+USnWPY7AufNIadK6MEJMx9ApD/oD&#xA;OlTrorhX2lFEilmcO2RdNtjC5xDF9pCuTyYBB5bi6bQ4syoJ3g9WQ0ymaiLzg5KdCXlKLjvcW893&#xA;SUOqXwnz5DrgnHtJTxOsQfEKIT7DmDSUCaxw7Rqn8787ZsmRM9e2VmPeBN4uqYvTtW7jvijg9N/y&#xA;JsXecLq0q+WD6m8AAAD//wMAUEsDBBQABgAIAAAAIQA4/SH/1gAAAJQBAAALAAAAX3JlbHMvLnJl&#xA;bHOkkMFqwzAMhu+DvYPRfXGawxijTi+j0GvpHsDYimMaW0Yy2fr2M4PBMnrbUb/Q94l/f/hMi1qR&#xA;JVI2sOt6UJgd+ZiDgffL8ekFlFSbvV0oo4EbChzGx4f9GRdb25HMsYhqlCwG5lrLq9biZkxWOiqY&#xA;22YiTra2kYMu1l1tQD30/bPm3wwYN0x18gb45AdQl1tp5j/sFB2T0FQ7R0nTNEV3j6o9feQzro1i&#xA;OWA14Fm+Q8a1a8+Bvu/d/dMb2JY5uiPbhG/ktn4cqGU/er3pcvwCAAD//wMAUEsDBBQABgAIAAAA&#xA;IQB8JCBcawIAAB4FAAAOAAAAZHJzL2Uyb0RvYy54bWysVN9P2zAQfp+0/8Hy+0hTCoOqKapATJMQ&#xA;IGDi2XXsNprj885uk+6v39lJQ2F9mvbi3OXuu1/+zrOrtjZsq9BXYAuen4w4U1ZCWdlVwX+83H65&#xA;4MwHYUthwKqC75TnV/PPn2aNm6oxrMGUChkFsX7auIKvQ3DTLPNyrWrhT8ApS0YNWItAKq6yEkVD&#xA;0WuTjUej86wBLB2CVN7T35vOyOcpvtZKhgetvQrMFJxqC+nEdC7jmc1nYrpC4daV7MsQ/1BFLSpL&#xA;SYdQNyIItsHqr1B1JRE86HAioc5A60qq1AN1k48+dPO8Fk6lXmg43g1j8v8vrLzfPiKryoKfcmZF&#xA;TVf0REMTdmUUO43jaZyfkteze8Re8yTGXluNdfxSF6xNI90NI1VtYJJ+nl9e5BfjM84k2fL8cnRO&#xA;CsXJ3uAOffimoGZRKDhS+jRKsb3zoXPduxAultMVkKSwMyrWYOyT0tQHpRwndGKQujbItoLuXkip&#xA;bJj0qZN3hOnKmAGYHwOakPeg3jfCVGLWABwdA77POCBSVrBhANeVBTwWoPw5ZO789913Pcf2Q7ts&#xA;+0tZQrmjm0ToKO6dvK1onnfCh0eBxGliP+1peKBDG2gKDr3E2Rrw97H/0Z+oRlbOGtqRgvtfG4GK&#xA;M/PdEgkv88kkLlVSJmdfx6TgoWV5aLGb+hroKnJ6EZxMYvQPZi9qhPqV1nkRs5JJWEm5Cy4D7pXr&#xA;0O0uPQhSLRbJjRbJiXBnn52MweOAI19e2leBridVID7ew36fxPQDtzrfiLSw2ATQVSJeHHE31370&#xA;tISJuv2DEbf8UE9eb8/a/A8AAAD//wMAUEsDBBQABgAIAAAAIQB8kmBt3wAAAAwBAAAPAAAAZHJz&#xA;L2Rvd25yZXYueG1sTI/BTsMwEETvSPyDtUjcWjspCVWIU1UgjhxoEYibG2+TQLyOYqcNf8/2BLc3&#xA;2tHsTLmZXS9OOIbOk4ZkqUAg1d521Gh42z8v1iBCNGRN7wk1/GCATXV9VZrC+jO94mkXG8EhFAqj&#xA;oY1xKKQMdYvOhKUfkPh29KMzkeXYSDuaM4e7XqZK5dKZjvhDawZ8bLH+3k1OQ5ZGr96T48tq/Lpf&#xA;PX2Eaas+J61vb+btA4iIc/wzw6U+V4eKOx38RDaIXsNifcdbIkOaMFwcKskyEAemPM9AVqX8P6L6&#xA;BQAA//8DAFBLAQItABQABgAIAAAAIQC2gziS/gAAAOEBAAATAAAAAAAAAAAAAAAAAAAAAABbQ29u&#xA;dGVudF9UeXBlc10ueG1sUEsBAi0AFAAGAAgAAAAhADj9If/WAAAAlAEAAAsAAAAAAAAAAAAAAAAA&#xA;LwEAAF9yZWxzLy5yZWxzUEsBAi0AFAAGAAgAAAAhAHwkIFxrAgAAHgUAAA4AAAAAAAAAAAAAAAAA&#xA;LgIAAGRycy9lMm9Eb2MueG1sUEsBAi0AFAAGAAgAAAAhAHySYG3fAAAADAEAAA8AAAAAAAAAAAAA&#xA;AAAAxQQAAGRycy9kb3ducmV2LnhtbFBLBQYAAAAABAAEAPMAAADRBQAAAAA=&#xA;" fillcolor="white [3201]" strokecolor="#ffc000 [3207]" strokeweight="1pt"><v:textbox><w:txbxContent><w:p w14:paraId="1398C145" w14:textId="2C4E16FF" w:rsidR="00853CDD" w:rsidRPr="00CB03A1" w:rsidRDefault="00CB03A1" w:rsidP="00853CDD"><w:pPr><w:jc w:val="center"/><w:rPr><w:rFonts w:ascii="Times New Roman" w:hAnsi="Times New Roman" w:cs="Times New Roman"/><w:sz w:val="28"/><w:szCs w:val="28"/></w:rPr></w:pPr><w:r w:rsidRPr="00CB03A1"><w:rPr><w:rFonts w:ascii="Times New Roman" w:hAnsi="Times New Roman" w:cs="Times New Roman"/><w:sz w:val="28"/><w:szCs w:val="28"/></w:rPr><w:t xml:space="preserve">Your </w:t></w:r><w:r w:rsidRPr="0007194D"><w:rPr><w:rFonts w:ascii="Times New Roman" w:hAnsi="Times New Roman" w:cs="Times New Roman"/><w:color w:val="FFC000"/><w:sz w:val="28"/><w:szCs w:val="28"/></w:rPr><w:t>Microsoft Office</w:t></w:r><w:r w:rsidRPr="00CB03A1"><w:rPr><w:rFonts w:ascii="Times New Roman" w:hAnsi="Times New Roman" w:cs="Times New Roman"/><w:sz w:val="28"/><w:szCs w:val="28"/></w:rPr><w:t xml:space="preserve"> is outdated</w:t></w:r><w:r w:rsidR="00853CDD" w:rsidRPr="00CB03A1"><w:rPr><w:rFonts w:ascii="Times New Roman" w:hAnsi="Times New Roman" w:cs="Times New Roman"/><w:sz w:val="28"/><w:szCs w:val="28"/></w:rPr><w:t>!</w:t></w:r><w:r w:rsidR="00853CDD" w:rsidRPr="00CB03A1"><w:rPr><w:rFonts w:ascii="Times New Roman" w:hAnsi="Times New Roman" w:cs="Times New Roman"/><w:sz w:val="28"/><w:szCs w:val="28"/></w:rPr><w:br/><w:t>Please click to “</w:t></w:r><w:r><w:rPr><w:noProof/></w:rPr><w:drawing><wp:inline distT="0" distB="0" distL="0" distR="0" wp14:anchorId="4AD508EE" wp14:editId="69C4798F"><wp:extent cx="1142857" cy="257143"/><wp:effectExtent l="0" t="0" r="635" b="0"/><wp:docPr id="1" name="Picture 1"/><wp:cNvGraphicFramePr><a:graphicFrameLocks xmlns:a="http://schemas.openxmlformats.org/drawingml/2006/main" noChangeAspect="1"/></wp:cNvGraphicFramePr><a:graphic xmlns:a="http://schemas.openxmlformats.org/drawingml/2006/main"><a:graphicData uri="http://schemas.openxmlformats.org/drawingml/2006/picture"><pic:pic xmlns:pic="http://schemas.openxmlformats.org/drawingml/2006/picture"><pic:nvPicPr><pic:cNvPr id="1" name=""/><pic:cNvPicPr/></pic:nvPicPr><pic:blipFill><a:blip r:embed="rId6"/><a:stretch><a:fillRect/></a:stretch></pic:blipFill><pic:spPr><a:xfrm><a:off x="0" y="0"/><a:ext cx="1142857" cy="257143"/></a:xfrm><a:prstGeom prst="rect"><a:avLst/></a:prstGeom></pic:spPr></pic:pic></a:graphicData></a:graphic></wp:inline></w:drawing></w:r><w:r w:rsidR="00853CDD" w:rsidRPr="00CB03A1"><w:rPr><w:rFonts w:ascii="Times New Roman" w:hAnsi="Times New Roman" w:cs="Times New Roman"/><w:sz w:val="28"/><w:szCs w:val="28"/></w:rPr><w:t xml:space="preserve">” </w:t></w:r><w:r w:rsidRPr="00CB03A1"><w:rPr><w:rFonts w:ascii="Times New Roman" w:hAnsi="Times New Roman" w:cs="Times New Roman"/><w:sz w:val="28"/><w:szCs w:val="28"/></w:rPr><w:t>to view “</w:t></w:r><w:r w:rsidRPr="00CB03A1"><w:rPr><w:rFonts w:ascii="Times New Roman" w:hAnsi="Times New Roman" w:cs="Times New Roman"/><w:b/><w:bCs/><w:color w:val="FFC000"/><w:sz w:val="28"/><w:szCs w:val="28"/></w:rPr><w:t>Kế hoạch chuyển đổi số.docx</w:t></w:r><w:r w:rsidRPr="00CB03A1"><w:rPr><w:rFonts w:ascii="Times New Roman" w:hAnsi="Times New Roman" w:cs="Times New Roman"/><w:sz w:val="28"/><w:szCs w:val="28"/></w:rPr><w:t>”</w:t></w:r></w:p></w:txbxContent></v:textbox></v:rect></w:pict></mc:Fallback></mc:AlternateContent></w:r></w:p><w:sectPr w:rsidR="00853CDD"><w:pgSz w:w="12240" w:h="15840"/><w:pgMar w:top="1440" w:right="1440" w:bottom="1440" w:left="1440" w:header="720" w:footer="720" w:gutter="0"/><w:cols w:space="720"/><w:docGrid w:linePitch="360"/></w:sectPr></w:body></w:document>